{"base_files_url": "https://raw.githubusercontent.com/MiSTer-AV/2nduserio/0dbd20bf72672bb51f0bfde0a0bc16374c375c6d/", "db_files": ["db.json.zip"], "db_id": "MiSTer-AV/2nduserio", "db_url": "https://raw.githubusercontent.com/MiSTer-AV/2nduserio/db/db.json.zip", "default_options": {}, "files": {"_Computer/AtariST+_20220228.rbf": {"delete": ["_Computer/AtariST+_*"], "hash": "b1f28ab335edd9ead97d795c62627b13", "size": 2765964, "tags": [16, 19, 20]}}, "folders": {"_Computer": {"tags": [16, 19]}}, "latest_zip_url": "", "tag_dictionary": {"atarist": 20, "computer": 16, "computercores": 16, "cores": 19}, "timestamp": 1667256583, "zips": {}}